{"cameraMode":{"drawMode":0,"name":"Shaded","section":"Shading Mode"},"sceneLighting":true,"audioPlay":false,"sceneViewState":{"m_AlwaysRefresh":false,"showFog":true,"showSkybox":false,"showFlares":true,"showImageEffects":true,"showParticleSystems":true,"showVisualEffectGraphs":true,"m_FxEnabled":true},"in2DMode":false,"pivot":{"x":0.7050067186355591,"y":0.691672682762146,"z":0.6020800471305847},"rotation":{"x":-0.0703149139881134,"y":-0.8578506708145142,"z":0.12180420756340027,"w":-0.49444806575775149},"size":1.2843903303146363,"orthographic":false}